EcoCyc_accession_id,EcoCyc_locus_tag,EcoCyc_rna_name,EcoCyc_rna_name_synonyms,EcoCyc_start,EcoCyc_end,EcoCyc_strand,EcoCyc_sequence,EcoCyc_accession-2
object,object,object,object,0,0,+,object,object
hsa-miR-339-3p,hsa-miR-339-3p,hsa-miR-339-3p,hsa-miR-339-3p,0,0,+,UGAGCGCCUCGACGACAGAGCCG,hsa-miR-339-3p
hsa-miR-197-3p,hsa-miR-197-3p,hsa-miR-197-3p,hsa-miR-197-3p,0,0,+,UUCACCACCUUCUCCACCCAGC,hsa-miR-197-3p
hsa-miR-23a-3p,hsa-miR-23a-3p,hsa-miR-23a-3p,hsa-miR-23a-3p,0,0,+,AUCACAUUGCCAGGGAUUUCC,hsa-miR-23a-3p
hsa-miR-320a,hsa-miR-320a,hsa-miR-320a,hsa-miR-320a,0,0,+,AAAAGCUGGGUUGAGAGGGCGA,hsa-miR-320a
hsa-miR-362-5p,hsa-miR-362-5p,hsa-miR-362-5p,hsa-miR-362-5p,0,0,+,AAUCCUUGGAACCUAGGUGUGAGU,hsa-miR-362-5p
hsa-miR-186-5p,hsa-miR-186-5p,hsa-miR-186-5p,hsa-miR-186-5p,0,0,+,CAAAGAAUUCUCCUUUUGGGCU,hsa-miR-186-5p
hsa-miR-18a-5p,hsa-miR-18a-5p,hsa-miR-18a-5p,hsa-miR-18a-5p,0,0,+,UAAGGUGCAUCUAGUGCAGAUAG,hsa-miR-18a-5p
hsa-miR-194-5p,hsa-miR-194-5p,hsa-miR-194-5p,hsa-miR-194-5p,0,0,+,UGUAACAGCAACUCCAUGUGGA,hsa-miR-194-5p
hsa-miR-33a-3p,hsa-miR-33a-3p,hsa-miR-33a-3p,hsa-miR-33a-3p,0,0,+,CAAUGUUUCCACAGUGCAUCAC,hsa-miR-33a-3p
hsa-miR-122-5p,hsa-miR-122-5p,hsa-miR-122-5p,hsa-miR-122-5p,0,0,+,UGGAGUGUGACAAUGGUGUUUG,hsa-miR-122-5p
hsa-miR-196a-5p,hsa-miR-196a-5p,hsa-miR-196a-5p,hsa-miR-196a-5p,0,0,+,UAGGUAGUUUCAUGUUGUUGGG,hsa-miR-196a-5p
hsa-miR-1273c,hsa-miR-1273c,hsa-miR-1273c,hsa-miR-1273c,0,0,+,GGCGACAAAACGAGACCCUGUC,hsa-miR-1273c
hsa-miR-335-3p,hsa-miR-335-3p,hsa-miR-335-3p,hsa-miR-335-3p,0,0,+,UUUUUCAUUAUUGCUCCUGACC,hsa-miR-335-3p
hsa-miR-27b-3p,hsa-miR-27b-3p,hsa-miR-27b-3p,hsa-miR-27b-3p,0,0,+,UUCACAGUGGCUAAGUUCUGC,hsa-miR-27b-3p
hsa-miR-17-5p,hsa-miR-17-5p,hsa-miR-17-5p,hsa-miR-17-5p,0,0,+,CAAAGUGCUUACAGUGCAGGUAG,hsa-miR-17-5p
hsa-miR-125a-5p,hsa-miR-125a-5p,hsa-miR-125a-5p,hsa-miR-125a-5p,0,0,+,UCCCUGAGACCCUUUAACCUGUGA,hsa-miR-125a-5p
hsa-miR-30a-5p,hsa-miR-30a-5p,hsa-miR-30a-5p,hsa-miR-30a-5p,0,0,+,UGUAAACAUCCUCGACUGGAAG,hsa-miR-30a-5p
hsa-miR-192-5p,hsa-miR-192-5p,hsa-miR-192-5p,hsa-miR-192-5p,0,0,+,CUGACCUAUGAAUUGACAGCC,hsa-miR-192-5p
hsa-miR-16-5p,hsa-miR-16-5p,hsa-miR-16-5p,hsa-miR-16-5p,0,0,+,UAGCAGCACGUAAAUAUUGGCG,hsa-miR-16-5p
hsa-miR-122b-3p,hsa-miR-122b-3p,hsa-miR-122b-3p,hsa-miR-122b-3p,0,0,+,AAACACCAUUGUCACACUCCAC,hsa-miR-122b-3p
hsa-miR-31-5p,hsa-miR-31-5p,hsa-miR-31-5p,hsa-miR-31-5p,0,0,+,AGGCAAGAUGCUGGCAUAGCU,hsa-miR-31-5p
hsa-miR-92a-3p,hsa-miR-92a-3p,hsa-miR-92a-3p,hsa-miR-92a-3p,0,0,+,UAUUGCACUUGUCCCGGCCUGU,hsa-miR-92a-3p
hsa-miR-188-5p,hsa-miR-188-5p,hsa-miR-188-5p,hsa-miR-188-5p,0,0,+,CAUCCCUUGCAUGGUGGAGGG,hsa-miR-188-5p
hsa-miR-19a-3p,hsa-miR-19a-3p,hsa-miR-19a-3p,hsa-miR-19a-3p,0,0,+,UGUGCAAAUCUAUGCAAAACUGA,hsa-miR-19a-3p
hsa-miR-27a-3p,hsa-miR-27a-3p,hsa-miR-27a-3p,hsa-miR-27a-3p,0,0,+,UUCACAGUGGCUAAGUUCCGC,hsa-miR-27a-3p
hsa-miR-483-3p,hsa-miR-483-3p,hsa-miR-483-3p,hsa-miR-483-3p,0,0,+,UCACUCCUCUCCUCCCGUCUU,hsa-miR-483-3p
hsa-miR-130a-3p,hsa-miR-130a-3p,hsa-miR-130a-3p,hsa-miR-130a-3p,0,0,+,CAGUGCAAUGUUAAAAGGGCAU,hsa-miR-130a-3p
hsa-miR-20a-5p,hsa-miR-20a-5p,hsa-miR-20a-5p,hsa-miR-20a-5p,0,0,+,UAAAGUGCUUAUAGUGCAGGUAG,hsa-miR-20a-5p
hsa-let-7a-5p,hsa-let-7a-5p,hsa-let-7a-5p,hsa-let-7a-5p,0,0,+,UGAGGUAGUAGGUUGUAUAGUU,hsa-let-7a-5p
hsa-miR-181a-5p,hsa-miR-181a-5p,hsa-miR-181a-5p,hsa-miR-181a-5p,0,0,+,AACAUUCAACGCUGUCGGUGAGU,hsa-miR-181a-5p
hsa-miR-545-5p,hsa-miR-545-5p,hsa-miR-545-5p,hsa-miR-545-5p,0,0,+,UCAGUAAAUGUUUAUUAGAUGA,hsa-miR-545-5p
hsa-miR-374b-3p,hsa-miR-374b-3p,hsa-miR-374b-3p,hsa-miR-374b-3p,0,0,+,CUUAGCAGGUUGUAUUAUCAUU,hsa-miR-374b-3p
hsa-miR-374c-3p,hsa-miR-374c-3p,hsa-miR-374c-3p,hsa-miR-374c-3p,0,0,+,CACUUAGCAGGUUGUAUUAUAU,hsa-miR-374c-3p
hsa-miR-26a-5p,hsa-miR-26a-5p,hsa-miR-26a-5p,hsa-miR-26a-5p,0,0,+,UUCAAGUAAUCCAGGAUAGGCU,hsa-miR-26a-5p
hsa-miR-374a-5p,hsa-miR-374a-5p,hsa-miR-374a-5p,hsa-miR-374a-5p,0,0,+,UUAUAAUACAACCUGAUAAGUG,hsa-miR-374a-5p
hsa-miR-15a-5p,hsa-miR-15a-5p,hsa-miR-15a-5p,hsa-miR-15a-5p,0,0,+,UAGCAGCACAUAAUGGUUUGUG,hsa-miR-15a-5p
hsa-miR-320e,hsa-miR-320e,hsa-miR-320e,hsa-miR-320e,0,0,+,AAAGCUGGGUUGAGAAGG,hsa-miR-320e
hsa-miR-301a-3p,hsa-miR-301a-3p,hsa-miR-301a-3p,hsa-miR-301a-3p,0,0,+,CAGUGCAAUAGUAUUGUCAAAGC,hsa-miR-301a-3p
hsa-miR-30c-5p,hsa-miR-30c-5p,hsa-miR-30c-5p,hsa-miR-30c-5p,0,0,+,UGUAAACAUCCUACACUCUCAGC,hsa-miR-30c-5p
hsa-miR-877-5p,hsa-miR-877-5p,hsa-miR-877-5p,hsa-miR-877-5p,0,0,+,GUAGAGGAGAUGGCGCAGGG,hsa-miR-877-5p
hsa-miR-532-5p,hsa-miR-532-5p,hsa-miR-532-5p,hsa-miR-532-5p,0,0,+,CAUGCCUUGAGUGUAGGACCGU,hsa-miR-532-5p
hsa-miR-20a-3p,hsa-miR-20a-3p,hsa-miR-20a-3p,hsa-miR-20a-3p,0,0,+,ACUGCAUUAUGAGCACUUAAAG,hsa-miR-20a-3p
hsa-miR-558,hsa-miR-558,hsa-miR-558,hsa-miR-558,0,0,+,UGAGCUGCUGUACCAAAAU,hsa-miR-558
hsa-miR-9983-3p,hsa-miR-9983-3p,hsa-miR-9983-3p,hsa-miR-9983-3p,0,0,+,UUUUUUGCUGGAACAUUUCUGG,hsa-miR-9983-3p
hsa-miR-23b,hsa-miR-23b,hsa-miR-23b,hsa-miR-23b,0,0,+,AUCACAUUGCCAGGGAUUACC,hsa-miR-23b
hsa-miR-548ba,hsa-miR-548ba,hsa-miR-548ba,hsa-miR-548ba,0,0,+,AAAGGUAACUGUGAUUUUUGCU,hsa-miR-548ba
hsa-miR-652-3p,hsa-miR-652-3p,hsa-miR-652-3p,hsa-miR-652-3p,0,0,+,AAUGGCGCCACUAGGGUUGUG,hsa-miR-652-3p
hsa-miR-101-3p,hsa-miR-101-3p,hsa-miR-101-3p,hsa-miR-101-3p,0,0,+,UACAGUACUGUGAUAACUGAA,hsa-miR-101-3p
hsa-miR-455-3p,hsa-miR-455-3p,hsa-miR-455-3p,hsa-miR-455-3p,0,0,+,GCAGUCCAUGGGCAUAUACAC,hsa-miR-455-3p
hsa-miR-7-5p,hsa-miR-7-5p,hsa-miR-7-5p,hsa-miR-7-5p,0,0,+,UGGAAGACUAGUGAUUUUGUUGUU,hsa-miR-7-5p
hsa-miR-320d,hsa-miR-320d,hsa-miR-320d,hsa-miR-320d,0,0,+,AAAAGCUGGGUUGAGAGGA,hsa-miR-320d
hsa-miR-107,hsa-miR-107,hsa-miR-107,hsa-miR-107,0,0,+,AGCAGCAUUGUACAGGGCUAUCA,hsa-miR-107
hsa-miR-181b-5p,hsa-miR-181b-5p,hsa-miR-181b-5p,hsa-miR-181b-5p,0,0,+,AACAUUCAUUGCUGUCGGUGGGU,hsa-miR-181b-5p
hsa-miR-192-3p,hsa-miR-192-3p,hsa-miR-192-3p,hsa-miR-192-3p,0,0,+,CUGCCAAUUCCAUAGGUCACAG,hsa-miR-192-3p
hsa-miR-22-3p,hsa-miR-22-3p,hsa-miR-22-3p,hsa-miR-22-3p,0,0,+,AAGCUGCCAGUUGAAGAACUGU,hsa-miR-22-3p
hsa-miR-210,hsa-miR-210,hsa-miR-210,hsa-miR-210,0,0,+,CUGUGCGUGUGACAGCGGCUGA,hsa-miR-210
hsa-miR-106a-5p,hsa-miR-106a-5p,hsa-miR-106a-5p,hsa-miR-106a-5p,0,0,+,AAAAGUGCUUACAGUGCAGGUAG,hsa-miR-106a-5p
hsa-miR-34a-5p,hsa-miR-34a-5p,hsa-miR-34a-5p,hsa-miR-34a-5p,0,0,+,UGGCAGUGUCUUAGCUGGUUGU,hsa-miR-34a-5p
hsa-miR-320c,hsa-miR-320c,hsa-miR-320c,hsa-miR-320c,0,0,+,AAAAGCUGGGUUGAGAGGGU,hsa-miR-320c
hsa-miR-450a-5p,hsa-miR-450a-5p,hsa-miR-450a-5p,hsa-miR-450a-5p,0,0,+,UUUUGCGAUGUGUUCCUAAUAU,hsa-miR-450a-5p
hsa-miR-500b-5p,hsa-miR-500b-5p,hsa-miR-500b-5p,hsa-miR-500b-5p,0,0,+,AAUCCUUGCUACCUGGGU,hsa-miR-500b-5p
hsa-miR-33a-5p,hsa-miR-33a-5p,hsa-miR-33a-5p,hsa-miR-33a-5p,0,0,+,GUGCAUUGUAGUUGCAUUGCA,hsa-miR-33a-5p
hsa-miR-140-3p,hsa-miR-140-3p,hsa-miR-140-3p,hsa-miR-140-3p,0,0,+,UACCACAGGGUAGAACCACGG,hsa-miR-140-3p
hsa-miR-26b-5p,hsa-miR-26b-5p,hsa-miR-26b-5p,hsa-miR-26b-5p,0,0,+,UUCAAGUAAUUCAGGAUAGGU,hsa-miR-26b-5p
hsa-miR-671-5p,hsa-miR-671-5p,hsa-miR-671-5p,hsa-miR-671-5p,0,0,+,AGGAAGCCCUGGAGGGGCUGGAG,hsa-miR-671-5p
hsa-miR-30b-5p,hsa-miR-30b-5p,hsa-miR-30b-5p,hsa-miR-30b-5p,0,0,+,UGUAAACAUCCUACACUCAGCU,hsa-miR-30b-5p
hsa-miR-7706,hsa-miR-7706,hsa-miR-7706,hsa-miR-7706,0,0,+,UGAAGCGCCUGUGCUCUGCCGAGA,hsa-miR-7706
hsa-miR-1269a,hsa-miR-1269a,hsa-miR-1269a,hsa-miR-1269a,0,0,+,CUGGACUGAGCCGUGCUACUGG,hsa-miR-1269a
hsa-miR-4796-3p,hsa-miR-4796-3p,hsa-miR-4796-3p,hsa-miR-4796-3p,0,0,+,UAAAGUGGCAGAGUAUAGACAC,hsa-miR-4796-3p
hsa-miR-28-5p,hsa-miR-28-5p,hsa-miR-28-5p,hsa-miR-28-5p,0,0,+,AAGGAGCUCACAGUCUAUUGAG,hsa-miR-28-5p
hsa-miR-501-5p,hsa-miR-501-5p,hsa-miR-501-5p,hsa-miR-501-5p,0,0,+,AAUCCUUUGUCCCUGGGUGAGA,hsa-miR-501-5p
hsa-miR-15b-5p,hsa-miR-15b-5p,hsa-miR-15b-5p,hsa-miR-15b-5p,0,0,+,UAGCAGCACAUCAUGGUUUACA,hsa-miR-15b-5p
hsa-miR-9-5p,hsa-miR-9-5p,hsa-miR-9-5p,hsa-miR-9-5p,0,0,+,UCUUUGGUUAUCUAGCUGUAUGA,hsa-miR-9-5p
hsa-miR-93-3p,hsa-miR-93-3p,hsa-miR-93-3p,hsa-miR-93-3p,0,0,+,ACUGCUGAGCUAGCACUUCCCG,hsa-miR-93-3p
hsa-miR-590-5p,hsa-miR-590-5p,hsa-miR-590-5p,hsa-miR-590-5p,0,0,+,GAGCUUAUUCAUAAAAGUGCAG,hsa-miR-590-5p
hsa-miR-137,hsa-miR-137,hsa-miR-137,hsa-miR-137,0,0,+,UUAUUGCUUAAGAAUACGCGUAG,hsa-miR-137
hsa-miR-151a-3p,hsa-miR-151a-3p,hsa-miR-151a-3p,hsa-miR-151a-3p,0,0,+,CUAGACUGAAGCUCCUUGAGG,hsa-miR-151a-3p
hsa-miR-130b-3p,hsa-miR-130b-3p,hsa-miR-130b-3p,hsa-miR-130b-3p,0,0,+,CAGUGCAAUGAUGAAAGGGCAU,hsa-miR-130b-3p
hsa-miR-1843,hsa-miR-1843,hsa-miR-1843,hsa-miR-1843,0,0,+,UAUGGAGGUCUCUGUCUGGC,hsa-miR-1843
hsa-miR-3074-5p,hsa-miR-3074-5p,hsa-miR-3074-5p,hsa-miR-3074-5p,0,0,+,GUUCCUGCUGAACUGAGCCAG,hsa-miR-3074-5p
hsa-miR-16-1-3p,hsa-miR-16-1-3p,hsa-miR-16-1-3p,hsa-miR-16-1-3p,0,0,+,CCAGUAUUAACUGUGCUGCUGA,hsa-miR-16-1-3p
hsa-miR-96-5p,hsa-miR-96-5p,hsa-miR-96-5p,hsa-miR-96-5p,0,0,+,UUUGGCACUAGCACAUUUUUGCU,hsa-miR-96-5p
hsa-miR-122b-5p,hsa-miR-122b-5p,hsa-miR-122b-5p,hsa-miR-122b-5p,0,0,+,UUUAGUGUGAUAAUGGCGUUUGA,hsa-miR-122b-5p
hsa-miR-30d-5p,hsa-miR-30d-5p,hsa-miR-30d-5p,hsa-miR-30d-5p,0,0,+,UGUAAACAUCCCCGACUGGAAG,hsa-miR-30d-5p
hsa-miR-574-3p,hsa-miR-574-3p,hsa-miR-574-3p,hsa-miR-574-3p,0,0,+,CACGCUCAUGCACACACCCACA,hsa-miR-574-3p
hsa-miR-95-3p,hsa-miR-95-3p,hsa-miR-95-3p,hsa-miR-95-3p,0,0,+,UUCAACGGGUAUUUAUUGAGCA,hsa-miR-95-3p
hsa-miR-193a-3p,hsa-miR-193a-3p,hsa-miR-193a-3p,hsa-miR-193a-3p,0,0,+,AACUGGCCUACAAAGUCCCAGU,hsa-miR-193a-3p
hsa-miR-421,hsa-miR-421,hsa-miR-421,hsa-miR-421,0,0,+,AUCAACAGACAUUAAUUGGGCGC,hsa-miR-421
hsa-miR-21-5p,hsa-miR-21-5p,hsa-miR-21-5p,hsa-miR-21-5p,0,0,+,UAGCUUAUCAGACUGAUGUUGA,hsa-miR-21-5p
hsa-miR-196b-5p,hsa-miR-196b-5p,hsa-miR-196b-5p,hsa-miR-196b-5p,0,0,+,UAGGUAGUUUCCUGUUGUUGGG,hsa-miR-196b-5p
hsa-miR-454-3p,hsa-miR-454-3p,hsa-miR-454-3p,hsa-miR-454-3p,0,0,+,UAGUGCAAUAUUGCUUAUAGGGU,hsa-miR-454-3p
hsa-miR-103a-3p,hsa-miR-103a-3p,hsa-miR-103a-3p,hsa-miR-103a-3p,0,0,+,AGCAGCAUUGUACAGGGCUAUGA,hsa-miR-103a-3p
hsa-miR-24-3p,hsa-miR-24-3p,hsa-miR-24-3p,hsa-miR-24-3p,0,0,+,UGGCUCAGUUCAGCAGGAACAG,hsa-miR-24-3p
hsa-miR-548d-5p,hsa-miR-548d-5p,hsa-miR-548d-5p,hsa-miR-548d-5p,0,0,+,AAAAGUAAUUGUGGUUUUUGCC,hsa-miR-548d-5p
hsa-miR-222-3p,hsa-miR-222-3p,hsa-miR-222-3p,hsa-miR-222-3p,0,0,+,AGCUACAUCUGGCUACUGGGU,hsa-miR-222-3p
hsa-miR-374a-3p,hsa-miR-374a-3p,hsa-miR-374a-3p,hsa-miR-374a-3p,0,0,+,CUUAUCAGAUUGUAUUGUAAUU,hsa-miR-374a-3p
hsa-miR-128-3p,hsa-miR-128-3p,hsa-miR-128-3p,hsa-miR-128-3p,0,0,+,UCACAGUGAACCGGUCUCUUU,hsa-miR-128-3p
hsa-miR-210-3p,hsa-miR-210-3p,hsa-miR-210-3p,hsa-miR-210-3p,0,0,+,CUGUGCGUGUGACAGCGGCUGA,hsa-miR-210-3p
hsa-miR-25-3p,hsa-miR-25-3p,hsa-miR-25-3p,hsa-miR-25-3p,0,0,+,CAUUGCACUUGUCUCGGUCUGA,hsa-miR-25-3p
hsa-miR-548w,hsa-miR-548w,hsa-miR-548w,hsa-miR-548w,0,0,+,AAAAGUAACUGCGGUUUUUGCCU,hsa-miR-548w
hsa-miR-29a-3p,hsa-miR-29a-3p,hsa-miR-29a-3p,hsa-miR-29a-3p,0,0,+,UAGCACCAUCUGAAAUCGGUUA,hsa-miR-29a-3p
hsa-miR-33b-5p,hsa-miR-33b-5p,hsa-miR-33b-5p,hsa-miR-33b-5p,0,0,+,GUGCAUUGCUGUUGCAUUGC,hsa-miR-33b-5p
hsa-miR-106b-5p,hsa-miR-106b-5p,hsa-miR-106b-5p,hsa-miR-106b-5p,0,0,+,UAAAGUGCUGACAGUGCAGAU,hsa-miR-106b-5p
hsa-miR-664a-3p,hsa-miR-664a-3p,hsa-miR-664a-3p,hsa-miR-664a-3p,0,0,+,UAUUCAUUUAUCCCCAGCCUACA,hsa-miR-664a-3p
hsa-miR-148a-3p,hsa-miR-148a-3p,hsa-miR-148a-3p,hsa-miR-148a-3p,0,0,+,UCAGUGCACUACAGAACUUUGU,hsa-miR-148a-3p
hsa-miR-32-5p,hsa-miR-32-5p,hsa-miR-32-5p,hsa-miR-32-5p,0,0,+,UAUUGCACAUUACUAAGUUGCA,hsa-miR-32-5p
hsa-miR-423-5p,hsa-miR-423-5p,hsa-miR-423-5p,hsa-miR-423-5p,0,0,+,UGAGGGGCAGAGAGCGAGACUUU,hsa-miR-423-5p
hsa-miR-99a-5p,hsa-miR-99a-5p,hsa-miR-99a-5p,hsa-miR-99a-5p,0,0,+,AACCCGUAGAUCCGAUCUUGUG,hsa-miR-99a-5p
hsa-miR-103b,hsa-miR-103b,hsa-miR-103b,hsa-miR-103b,0,0,+,UCAUAGCCCUGUACAAUGCUGCU,hsa-miR-103b
hsa-miR-194-3p,hsa-miR-194-3p,hsa-miR-194-3p,hsa-miR-194-3p,0,0,+,CCAGUGGGGCUGCUGUUAUCUG,hsa-miR-194-3p
hsa-miR-221-3p,hsa-miR-221-3p,hsa-miR-221-3p,hsa-miR-221-3p,0,0,+,AGCUACAUUGUCUGCUGGGUUUC,hsa-miR-221-3p
hsa-miR-378i,hsa-miR-378i,hsa-miR-378i,hsa-miR-378i,0,0,+,ACUGGACUAGGAGUCAGAAGG,hsa-miR-378i
hsa-miR-146a-5p,hsa-miR-146a-5p,hsa-miR-146a-5p,hsa-miR-146a-5p,0,0,+,UGAGAACUGAAUUCCAUGGGUU,hsa-miR-146a-5p
hsa-miR-93-5p,hsa-miR-93-5p,hsa-miR-93-5p,hsa-miR-93-5p,0,0,+,CAAAGUGCUGUUCGUGCAGGUAG,hsa-miR-93-5p
hsa-miR-24-2-5p,hsa-miR-24-2-5p,hsa-miR-24-2-5p,hsa-miR-24-2-5p,0,0,+,UGCCUACUGAGCUGAAACACAG,hsa-miR-24-2-5p
hsa-miR-16-2-3p,hsa-miR-16-2-3p,hsa-miR-16-2-3p,hsa-miR-16-2-3p,0,0,+,CCAAUAUUACUGUGCUGCUUUA,hsa-miR-16-2-3p
hsa-miR-5588-5p,hsa-miR-5588-5p,hsa-miR-5588-5p,hsa-miR-5588-5p,0,0,+,ACUGGCAUUAGUGGGACUUUU,hsa-miR-5588-5p
hsa-miR-574-5p,hsa-miR-574-5p,hsa-miR-574-5p,hsa-miR-574-5p,0,0,+,UGAGUGUGUGUGUGUGAGUGUGU,hsa-miR-574-5p
hsa-miR-140-5p,hsa-miR-140-5p,hsa-miR-140-5p,hsa-miR-140-5p,0,0,+,CAGUGGUUUUACCCUAUGGUAG,hsa-miR-140-5p
hsa-miR-484,hsa-miR-484,hsa-miR-484,hsa-miR-484,0,0,+,UCAGGCUCAGUCCCCUCCCGAU,hsa-miR-484
hsa-miR-3149,hsa-miR-3149,hsa-miR-3149,hsa-miR-3149,0,0,+,UUUGUAUGGAUAUGUGUGUGUAU,hsa-miR-3149
hsa-miR-122-3p,hsa-miR-122-3p,hsa-miR-122-3p,hsa-miR-122-3p,0,0,+,AACGCCAUUAUCACACUAAAUA,hsa-miR-122-3p
hsa-miR-92b-3p,hsa-miR-92b-3p,hsa-miR-92b-3p,hsa-miR-92b-3p,0,0,+,UAUUGCACUCGUCCCGGCCUCC,hsa-miR-92b-3p
hsa-miR-7,hsa-miR-7,hsa-miR-7,hsa-miR-7,0,0,+,UGGAAGACUAGUGAUUUUGUUGU,hsa-miR-7
hsa-miR-548g-5p,hsa-miR-548g-5p,hsa-miR-548g-5p,hsa-miR-548g-5p,0,0,+,UGCAAAAGUAAUUGCAGUUUUUG,hsa-miR-548g-5p
hsa-miR-193a-5p,hsa-miR-193a-5p,hsa-miR-193a-5p,hsa-miR-193a-5p,0,0,+,UGGGUCUUUGCGGGCGAGAUGA,hsa-miR-193a-5p
hsa-miR-500a-5p,hsa-miR-500a-5p,hsa-miR-500a-5p,hsa-miR-500a-5p,0,0,+,UAAUCCUUGCUACCUGGGUGAGA,hsa-miR-500a-5p
hsa-miR-3127-3p,hsa-miR-3127-3p,hsa-miR-3127-3p,hsa-miR-3127-3p,0,0,+,UCCCCUUCUGCAGGCCUGCUGG,hsa-miR-3127-3p
hsa-miR-200b-3p,hsa-miR-200b-3p,hsa-miR-200b-3p,hsa-miR-200b-3p,0,0,+,UAAUACUGCCUGGUAAUGAUGA,hsa-miR-200b-3p
hsa-miR-324-5p,hsa-miR-324-5p,hsa-miR-324-5p,hsa-miR-324-5p,0,0,+,CGCAUCCCCUAGGGCAUUGGUG,hsa-miR-324-5p
hsa-miR-30e-5p,hsa-miR-30e-5p,hsa-miR-30e-5p,hsa-miR-30e-5p,0,0,+,UGUAAACAUCCUUGACUGGAAG,hsa-miR-30e-5p
hsa-miR-190a,hsa-miR-190a,hsa-miR-190a,hsa-miR-190a,0,0,+,UGAUAUGUUUGAUAUAUUAGGU,hsa-miR-190a
hsa-miR-148b-5p,hsa-miR-148b-5p,hsa-miR-148b-5p,hsa-miR-148b-5p,0,0,+,AAGUUCUGUUAUACACUCAGGC,hsa-miR-148b-5p
hsa-miR-148b-3p,hsa-miR-148b-3p,hsa-miR-148b-3p,hsa-miR-148b-3p,0,0,+,UCAGUGCAUCACAGAACUUUGU,hsa-miR-148b-3p
hsa-miR-1292-5p,hsa-miR-1292-5p,hsa-miR-1292-5p,hsa-miR-1292-5p,0,0,+,UGGGAACGGGUUCCGGCAGACGCUG,hsa-miR-1292-5p
hsa-miR-1295a,hsa-miR-1295a,hsa-miR-1295a,hsa-miR-1295a,0,0,+,UUAGGCCGCAGAUCUGGGUGA,hsa-miR-1295a
hsa-miR-193b-3p,hsa-miR-193b-3p,hsa-miR-193b-3p,hsa-miR-193b-3p,0,0,+,AACUGGCCCUCAAAGUCCCGCU,hsa-miR-193b-3p
hsa-miR-10a-5p,hsa-miR-10a-5p,hsa-miR-10a-5p,hsa-miR-10a-5p,0,0,+,UACCCUGUAGAUCCGAAUUUGUG,hsa-miR-10a-5p
hsa-miR-885-5p,hsa-miR-885-5p,hsa-miR-885-5p,hsa-miR-885-5p,0,0,+,UCCAUUACACUACCCUGCCUCU,hsa-miR-885-5p
hsa-miR-548ae-3p,hsa-miR-548ae-3p,hsa-miR-548ae-3p,hsa-miR-548ae-3p,0,0,+,CAAAAACUGCAAUUACUUUCA,hsa-miR-548ae-3p
hsa-miR-451a,hsa-miR-451a,hsa-miR-451a,hsa-miR-451a,0,0,+,AAACCGUUACCAUUACUGAGUU,hsa-miR-451a
hsa-miR-19b-3p,hsa-miR-19b-3p,hsa-miR-19b-3p,hsa-miR-19b-3p,0,0,+,UGUGCAAAUCCAUGCAAAACUGA,hsa-miR-19b-3p
hsa-miR-183-5p,hsa-miR-183-5p,hsa-miR-183-5p,hsa-miR-183-5p,0,0,+,UAUGGCACUGGUAGAAUUCACU,hsa-miR-183-5p
hsa-miR-548y,hsa-miR-548y,hsa-miR-548y,hsa-miR-548y,0,0,+,AAAAGUAAUCACUGUUUUUGCC,hsa-miR-548y
hsa-miR-620,hsa-miR-620,hsa-miR-620,hsa-miR-620,0,0,+,AUGGAGAUAGAUAUAGAAAU,hsa-miR-620
hsa-miR-1269b,hsa-miR-1269b,hsa-miR-1269b,hsa-miR-1269b,0,0,+,CUGGACUGAGCCAUGCUACUGG,hsa-miR-1269b
hsa-miR-301b-3p,hsa-miR-301b-3p,hsa-miR-301b-3p,hsa-miR-301b-3p,0,0,+,CAGUGCAAUGAUAUUGUCAAAGC,hsa-miR-301b-3p
hsa-miR-125b-5p,hsa-miR-125b-5p,hsa-miR-125b-5p,hsa-miR-125b-5p,0,0,+,UCCCUGAGACCCUAACUUGUGA,hsa-miR-125b-5p
hsa-miR-19b-1-5p,hsa-miR-19b-1-5p,hsa-miR-19b-1-5p,hsa-miR-19b-1-5p,0,0,+,AGUUUUGCAGGUUUGCAUCCAGC,hsa-miR-19b-1-5p
hsa-miR-17-3p,hsa-miR-17-3p,hsa-miR-17-3p,hsa-miR-17-3p,0,0,+,ACUGCAGUGAAGGCACUUGUAG,hsa-miR-17-3p
hsa-miR-29b-3p,hsa-miR-29b-3p,hsa-miR-29b-3p,hsa-miR-29b-3p,0,0,+,UAGCACCAUUUGAAAUCAGUGUU,hsa-miR-29b-3p
hsa-miR-199a-3p,hsa-miR-199a-3p,hsa-miR-199a-3p,hsa-miR-199a-3p,0,0,+,ACAGUAGUCUGCACAUUGGUUA,hsa-miR-199a-3p
hsa-miR-218-5p,hsa-miR-218-5p,hsa-miR-218-5p,hsa-miR-218-5p,0,0,+,UUGUGCUUGAUCUAACCAUGU,hsa-miR-218-5p
hsa-miR-7851-3p,hsa-miR-7851-3p,hsa-miR-7851-3p,hsa-miR-7851-3p,0,0,+,UACCUGGGAGACUGAGGUUGGA,hsa-miR-7851-3p
hsa-miR-503-5p,hsa-miR-503-5p,hsa-miR-503-5p,hsa-miR-503-5p,0,0,+,UAGCAGCGGGAACAGUUCUGCAG,hsa-miR-503-5p
hsa-miR-548aa,hsa-miR-548aa,hsa-miR-548aa,hsa-miR-548aa,0,0,+,AAAAACCACAAUUACUUUUGCACCA,hsa-miR-548aa
hsa-miR-190a-5p,hsa-miR-190a-5p,hsa-miR-190a-5p,hsa-miR-190a-5p,0,0,+,UGAUAUGUUUGAUAUAUUAGGU,hsa-miR-190a-5p
hsa-miR-1277-5p,hsa-miR-1277-5p,hsa-miR-1277-5p,hsa-miR-1277-5p,0,0,+,AAAUAUAUAUAUAUAUGUACGUAU,hsa-miR-1277-5p
hsa-miR-548h-3p,hsa-miR-548h-3p,hsa-miR-548h-3p,hsa-miR-548h-3p,0,0,+,CAAAAACCGCAAUUACUUUUGCA,hsa-miR-548h-3p
hsa-miR-1285-3p,hsa-miR-1285-3p,hsa-miR-1285-3p,hsa-miR-1285-3p,0,0,+,UCUGGGCAACAAAGUGAGACCU,hsa-miR-1285-3p
hsa-miR-99a-3p,hsa-miR-99a-3p,hsa-miR-99a-3p,hsa-miR-99a-3p,0,0,+,CAAGCUCGCUUCUAUGGGUCUG,hsa-miR-99a-3p
hsa-miR-152-3p,hsa-miR-152-3p,hsa-miR-152-3p,hsa-miR-152-3p,0,0,+,UCAGUGCAUGACAGAACUUGG,hsa-miR-152-3p
hsa-miR-10b-5p,hsa-miR-10b-5p,hsa-miR-10b-5p,hsa-miR-10b-5p,0,0,+,UACCCUGUAGAACCGAAUUUGUG,hsa-miR-10b-5p
hsa-miR-30e-3p,hsa-miR-30e-3p,hsa-miR-30e-3p,hsa-miR-30e-3p,0,0,+,CUUUCAGUCGGAUGUUUACAGC,hsa-miR-30e-3p
hsa-miR-874-3p,hsa-miR-874-3p,hsa-miR-874-3p,hsa-miR-874-3p,0,0,+,CUGCCCUGGCCCGAGGGACCGA,hsa-miR-874-3p
hsa-miR-548aq-3p,hsa-miR-548aq-3p,hsa-miR-548aq-3p,hsa-miR-548aq-3p,0,0,+,CAAAAACUGCAAUUACUUUUGC,hsa-miR-548aq-3p
hsa-miR-423-3p,hsa-miR-423-3p,hsa-miR-423-3p,hsa-miR-423-3p,0,0,+,AGCUCGGUCUGAGGCCCCUCAGU,hsa-miR-423-3p
hsa-miR-151a-5p,hsa-miR-151a-5p,hsa-miR-151a-5p,hsa-miR-151a-5p,0,0,+,UCGAGGAGCUCACAGUCUAGU,hsa-miR-151a-5p
hsa-miR-502-3p,hsa-miR-502-3p,hsa-miR-502-3p,hsa-miR-502-3p,0,0,+,AAUGCACCUGGGCAAGGAUUCA,hsa-miR-502-3p
hsa-miR-542-3p,hsa-miR-542-3p,hsa-miR-542-3p,hsa-miR-542-3p,0,0,+,UGUGACAGAUUGAUAACUGAAA,hsa-miR-542-3p
hsa-miR-296-5p,hsa-miR-296-5p,hsa-miR-296-5p,hsa-miR-296-5p,0,0,+,AGGGCCCCCCCUCAAUCCUGU,hsa-miR-296-5p
hsa-miR-7854-3p,hsa-miR-7854-3p,hsa-miR-7854-3p,hsa-miR-7854-3p,0,0,+,UGAGGUGACCGCAGAUGGGAA,hsa-miR-7854-3p
hsa-miR-191-5p,hsa-miR-191-5p,hsa-miR-191-5p,hsa-miR-191-5p,0,0,+,CAACGGAAUCCCAAAAGCAGCUG,hsa-miR-191-5p
hsa-miR-425-5p,hsa-miR-425-5p,hsa-miR-425-5p,hsa-miR-425-5p,0,0,+,AAUGACACGAUCACUCCCGUUGA,hsa-miR-425-5p
hsa-miR-126-5p,hsa-miR-126-5p,hsa-miR-126-5p,hsa-miR-126-5p,0,0,+,CAUUAUUACUUUUGGUACGCG,hsa-miR-126-5p
hsa-miR-4766-3p,hsa-miR-4766-3p,hsa-miR-4766-3p,hsa-miR-4766-3p,0,0,+,AUAGCAAUUGCUCUUUUGGAA,hsa-miR-4766-3p
hsa-miR-624-5p,hsa-miR-624-5p,hsa-miR-624-5p,hsa-miR-624-5p,0,0,+,UAGUACCAGUACCUUGUGUUCA,hsa-miR-624-5p
hsa-miR-365a-3p,hsa-miR-365a-3p,hsa-miR-365a-3p,hsa-miR-365a-3p,0,0,+,UAAUGCCCCUAAAAAUCCUUAU,hsa-miR-365a-3p
hsa-miR-3176,hsa-miR-3176,hsa-miR-3176,hsa-miR-3176,0,0,+,ACUGGCCUGGGACUACCGG,hsa-miR-3176
hsa-miR-6816-3p,hsa-miR-6816-3p,hsa-miR-6816-3p,hsa-miR-6816-3p,0,0,+,GAAGGACCUGCACCUUCG,hsa-miR-6816-3p
hsa-miR-597-5p,hsa-miR-597-5p,hsa-miR-597-5p,hsa-miR-597-5p,0,0,+,UGUGUCACUCGAUGACCACUGU,hsa-miR-597-5p
hsa-miR-1296,hsa-miR-1296,hsa-miR-1296,hsa-miR-1296,0,0,+,UUAGGGCCCUGGCUCCAUCUCC,hsa-miR-1296
hsa-miR-5010-3p,hsa-miR-5010-3p,hsa-miR-5010-3p,hsa-miR-5010-3p,0,0,+,UUUUGUGUCUCCCAUUCCCCAG,hsa-miR-5010-3p
hsa-miR-455-5p,hsa-miR-455-5p,hsa-miR-455-5p,hsa-miR-455-5p,0,0,+,UAUGUGCCUUUGGACUACAUCG,hsa-miR-455-5p
hsa-miR-28-3p,hsa-miR-28-3p,hsa-miR-28-3p,hsa-miR-28-3p,0,0,+,CACUAGAUUGUGAGCUCCUGGA,hsa-miR-28-3p
hsa-miR-1307-3p,hsa-miR-1307-3p,hsa-miR-1307-3p,hsa-miR-1307-3p,0,0,+,ACUCGGCGUGGCGUCGGUCGUG,hsa-miR-1307-3p
hsa-miR-3184-5p,hsa-miR-3184-5p,hsa-miR-3184-5p,hsa-miR-3184-5p,0,0,+,UGAGGGGCCUCAGACCGAGCUUUU,hsa-miR-3184-5p
hsa-miR-182-5p,hsa-miR-182-5p,hsa-miR-182-5p,hsa-miR-182-5p,0,0,+,UUUGGCAAUGGUAGAACUCACACU,hsa-miR-182-5p
